,start,stmt,stmt_2,stmt_1,boolexpr,boolexpr_,expr_2,numexpr,expr,expr_1,expr_stmt
start,1.0,0.21486402,0.19785818,0.2125805,0.1921213,0.22206625,0.17751816,0.19105218,0.23395626,0.19849765,0.1176906
stmt,0.21486402,0.99999994,0.8314297,0.81320417,0.23078877,0.22708979,0.2589674,0.25532195,0.3187725,0.26982522,0.71966064
boolexpr,0.1921213,0.23078877,0.21782345,0.21354991,1.0000001,0.9201663,0.31614152,0.5987894,0.3781863,0.32425898,0.27014875
numexpr,0.19105218,0.25532195,0.25263223,0.25363022,0.5987894,0.55085206,0.3053639,1.0,0.33874965,0.31868666,0.28232312
